Product Name,Price,Country
"3.5mm Headphone Jack",0.50,"Japan / China"
"3d Camera",8.00,"Global"
"Abrasive Particles",8.00,"Global"
"Abs Resin",8.00,"Global"
"AC Adapter",8.00,"Taiwan"
"AC Power Cable",8.00,"China / Mexico / Vietnam"
"AC-DC Converter",18.00,"Taiwan"
"Academic Papers",35.00,"Various"
"Acid Leaching Process",35.00,"Global"
"Acid Resistant Tank",6.00,"Global"
"Acoustic Damping",8.00,"Global"
"Acoustic Testing Training",8.00,"Global"
"Acrylic Polymer",4.00,"France"
"Acrylic Pressure-Sensitive Adhesive",3.00,"United States"
"Adapter Enclosure",1.80,"China"
"Adc Array",2.50,"Taiwan"
"Adc Dac Circuits",8.00,"Global"
"Adhesive Dispenser",8.00,"Global"
"Adhesive Filler",8.00,"Global"
"Adhesive Layer",8.00,"Global"
"Adhesive Training",0.00,"Global"
"Ahu System",45.00,"Global"
"AI Researchers",0.00,"United States"
"Air Classifier",35.00,"Global"
"Air Filter",15.00,"USA"
"Air Handling Unit",40.00,"United States"
"Air Locks",8.00,"Global"
"Air Separation Unit",8.00,"Global"
"Air Shower",8.00,"Global"
"Alerting Service",5000.00,"United States"
"Alignment Ring",35.00,"Global"
"Alignment Stage",8.00,"Global"
"Alumina Catalyst",4.50,"Global"
"Alumina Production",0.00,"Global"
"Alumina Substrate",4.00,"Global"
"Aluminum Alloy Element",8.00,"Global"
"Aluminum Billet",12.00,"United States"
"Aluminum Chamber",8.00,"Global"
"Aluminum Chassis",80.00,"Taiwan / China"
"Aluminum Enclosure",8.00,"Global"
"Aluminum Extrusion",35.00,"Global"
"Aluminum Foil",3.50,"United States"
"Aluminum Heat Sink",3.50,"United States"
"Aluminum Ingot",12.00,"Global"
"Aluminum Metal",10.00,"USA / UK / Russia"
"Aluminum Oxide (Al₂O₃)",0.80,"USA / Australia / China"
"Aluminum Pouch Material",2.00,"Japan"
"Aluminum Powder",4.50,"Global"
"Aluminum Power Conductor",4.50,"USA/France"
"Aluminum Sheet",8.00,"Global"
"Ambient Light Sensor",0.80,"Austria"
"Amine Curing Agent",5.00,"United States"
"Ammonia (NH₃)",0.40,"Norway / USA / Canada / Germany"
"Ammonium Hydroxide (NH₄OH)",1.00,"Norway / USA / Canada"
"Ammonium Nitrate Explosive",800.00,"Australia/USA"
"Amplifier Design",8.00,"Global"
"Analog ASIC",4.00,"United States"
"Analog Circuits",8.00,"Global"
"ANFO Explosives",0.75,"South Africa"
"Annealing Furnace",80.00,"Global"
"Anodizing",35.00,"Global"
"Anodizing Dye",0.15,"Switzerland"
"Anodizing Rack",8.00,"Global"
"Anodizing Tank System",3.00,"United Kingdom"
"Antenna RF Cable (Coaxial)",3.00,"USA / Singapore / Japan"
"Anti Wear Additives",8.00,"Global"
"Aoi System",45.00,"Global"
"API Gateway Service",50000.00,"Global"
"Apt Production",0.00,"Global"
"Arc Furnace",450.00,"Global"
"Argon Gas (Ar)",0.80,"USA / Germany / France"
"Arm Core",2.50,"Taiwan"
"Arm Cpu Core",8.00,"Global"
"Arsenic Dopant",1.00,"USA"
"Arsenic Element",8.00,"Global"
"Ash3 Gas",15.00,"Global"
"Assay Lab",35.00,"Global"
"Assembly Automation System",100.00,"Japan"
"Assembly Line Conveyor",15.00,"Germany"
"Assembly Tools",450000.00,"Netherlands / Japan"
"Assembly Training",0.00,"Global"
"Atmosphere Gas",15.00,"Global"
"Atmospheric Air",8.00,"Global"
"Atomizer",35.00,"Global"
"Audio Codec Chip",2.50,"United States"
"Audio DAC Chip",3.50,"United States"
"Authentication Service",20000.00,"United States"
"Authentication Systems",15000.00,"United States"
"Automated Cable Assembly",250000.00,"China"
"Automated Handling Systems",12.00,"USA / Japan"
"Automated Optical Inspection",3.00,"South Korea"
"Automated Packaging System",45.00,"Germany"
"Automated Polishing Equipment",4.50,"United States"
"Automated Screw Driving System",8.00,"Germany"
"Automated Test Equipment",80.00,"United States"
"AWS Bedrock API",15.00,"United States"
"B2h6 Gas",15.00,"Global"
"Backup Generator",25000.00,"United States"
"Backup Generators",250000.00,"United States"
"Backup System",15000.00,"United States"
"Ball Mill",890.00,"Denmark"
"Barium Titanate",8.00,"Global"
"Barrier Film",35.00,"Global"
"Base Oil",8.00,"Global"
"Base Station",50000.00,"Sweden"
"Bastnäsite Mining (Rare Earth Ore)",1.85,"United States"
"Battery Assembly Line",12.00,"Japan"
"Battery Management System",15.00,"United States"
"Battery Manufacturing Technicians",1.80,"China"
"Battery Monitor Ic",8.00,"Global"
"Battery Separator Membrane",4.00,"Japan"
"Battery Testing",8.00,"Global"
"Bauxite Mining",8.00,"Global"
"Bauxite Ore",0.45,"Australia"
"Bcd Process",0.00,"Global"
"Belt Conveyor",45.00,"Germany"
"Belt Conveyor System",85.00,"Germany"
"Bench Power Supply",3.00,"China"
"Bf3 Gas",15.00,"Global"
"BGA Solder Balls",1.00,"Japan / USA / USA"
"BGP Anycast Network",100000.00,"Global"
"BGP Router",250000.00,"USA / China"
"Bicmos Process",8.00,"Global"
"Binding Materials",0.15,"China"
"Biocides",8.00,"Global"
"Black Matrix",8.00,"Global"
"Bond Wire",8.00,"Global"
"Bonding Capillary",8.00,"Global"
"Boron Dopant",1.00,"USA"
"Boron Powder",8.00,"Global"
"Box Cutting Die",3.00,"United States"
"Bpa Chemical",8.00,"Global"
"Brass Alloy",4.00,"Germany"
"Brass Billet",12.00,"Global"
"Brass Connector Pins",0.30,"Taiwan"
"Brass Extrusion",5.00,"Germany"
"Brass Strip",8.00,"Global"
"Bright Annealing",8.00,"Global"
"Browser Engine Technology",0.00,"USA"
"Brushless DC Motor",4.00,"Japan"
"Bucket Dredge",580.00,"Netherlands"
"Bucket Trucks (Service Vehicles)",185.00,"United States"
"Build and Compilation Tools",0.00,"Global"
"Build Server Infrastructure",8.00,"United States"
"Building Rental",150.00,"Global"
"Bulldozer",285.00,"United States"
"Burn-In Test Chamber",40.00,"United States"
"Butadiene Monomer",8.00,"Global"
"Butterfly Mechanism Switches",0.80,"United States"
"C Programming Language",0.00,"USA"
"C++ Compiler",0.00,"United States"
"C++ Language Development",0.00,"Global"
"Cable Assembly",35.00,"Global"
"Cable Assembly Machine",3.50,"Switzerland"
"Cable Modem",120.00,"United States, China"
"Cable Ship",200000000.00,"United States"
"Calcination Furnace",80.00,"Global"
"Calcination Process",18.00,"Denmark"
"Calibration Standards",8.00,"Global"
"Camera Lens Assembly",3.50,"Taiwan"
"Camera Module Assembly",8.00,"South Korea"
"Camera Module PCB",0.80,"Taiwan"
"Capacitive Array",2.50,"Taiwan"
"Capacitive Touch Sensor",3.00,"United States"
"Capstan Puller",8.00,"Global"
"Carbide Cutting Tools",12.00,"Sweden"
"Carbon Anodes",8.00,"Global"
"Carbon Black",2.00,"United States"
"Carbon Coating",8.00,"Global"
"Carbon Filter",8.00,"Global"
"Cardboard Box",2.50,"USA / Europe / China"
"Carrier Grease",8.00,"Global"
"Cassiterite Ore (SnO₂)",0.15,"Indonesia / Myanmar / China"
"Caustic Soda (NaOH)",0.35,"USA / USA / Taiwan"
"Cell Antenna",3000.00,"United States"
"Cell Design",35.00,"Global"
"Cellular Tower",250000.00,"United States"
"Centrifugal Compressor",8.00,"Global"
"Ceramic Coating",8.00,"Global"
"Ceramic Filler Particles",8.00,"Japan"
"Ceramic Package",8.00,"Global"
"Ceramic Slurry",8.00,"Global"
"Charging Coil",35.00,"Global"
"Chemical Additives",2.50,"Taiwan"
"Chemical Distillation",35.00,"Global"
"Chemical Etchants",8.00,"Germany / USA / Japan"
"Chemical Extraction Process",45.00,"Germany"
"Chemical Mixer",8.00,"Global"
"Chemical Processing Facility",850.00,"Global"
"Chemical Reactor",80.00,"Global"
"Chemical Safety",2.50,"Taiwan"
"Chemical Tanks",8.00,"Global"
"Chemical Workers",8.00,"Global"
"Chemically Strengthened Glass",5.00,"United States"
"Chiller System",45.00,"Global"
"Chip Design Engineers",50.00,"USA / Global"
"Chip Design Files",100.00,"United States"
"Chip Packaging Materials",5.00,"Taiwan / USA / China"
"Chiral Dopants",8.00,"Global"
"Chlorine Gas (Cl₂)",0.25,"USA / USA / Taiwan"
"Chlorine Production",0.35,"United States"
"Chromite Ore",0.25,"South Africa"
"Chromium Metal",15000.00,"South Africa"
"CI/CD Pipeline Systems",5.00,"United States"
"Cil Process",35.00,"Global"
"Circuit Simulation",35.00,"Global"
"Clamping Unit",8.00,"Global"
"Class 10000 Cleanroom",80.00,"Ireland"
"Classification",2.50,"Taiwan"
"Claude AI Model",0.00,"United States"
"Claude Code",20.00,"United States"
"Claus Process Equipment",25.00,"Germany"
"Clean Led Lights",8.00,"Global"
"Cleanroom Facility",80.00,"Various"
"Cleanroom Panels",8.00,"Global"
"Cleanroom Training",0.00,"Global"
"CLI Software (Command-Line Interface)",0.00,"United States"
"Cmos Backplane",35.00,"Global"
"CMOS Image Sensor",8.50,"Japan"
"CMP Equipment (Chemical Mechanical Polishing)",8.00,"USA / Japan"
"Cnc Controller",8.00,"Global"
"Cnc Machining",35.00,"Global"
"CNC Machining Center",8.00,"Japan"
"CNC Machinist Training",1.50,"United States"
"Cnc Programming",8.00,"Global"
"Co2 Laser",8.00,"Global"
"Coal",0.08,"China / USA / Switzerland"
"Coal Mining",0.08,"China / USA / Australia"
"Coating",8.00,"Global"
"Coating Head",8.00,"Global"
"Cobalt Binder",8.00,"Global"
"Cobalt Metal",15.00,"Switzerland / China / Canada"
"Cobalt Sulfate",8.00,"Global"
"Code Repositories",0.01,"United States"
"Cof Packaging",8.00,"Global"
"Coil Adhesive",8.00,"Global"
"Coil Former",8.00,"Global"
"Coil Winding Machine",45.00,"Global"
"Coin Battery",35.00,"Global"
"Cold Heading Press",250.00,"United States"
"Cold Rolling",8.00,"Global"
"Colloidal Silica",8.00,"Global"
"Color Resist",8.00,"Global"
"Compiler Design and Implementation",0.00,"Global"
"Compiler Development",25.00,"United States"
"Compiler Tools",25.00,"United States"
"Compressed Air System",20.00,"Sweden"
"Compression Springs",8.00,"Global"
"Computer Hardware Systems",1200.00,"USA/China"
"Computer Science Degree",200000.00,"USA"
"Computer Science Education",50000.00,"Global"
"Computer Testing Equipment",280000.00,"USA / Japan"
"Computing Resources",100000.00,"United States"
"Concentrator Equipment",120.00,"Global"
"Concrete Base",20000.00,"United States"
"Connector Assembly",0.90,"Taiwan"
"Connector Assembly Labor",1.50,"Japan"
"Connector Housing",8.00,"Global"
"Connector Insulator",35.00,"Global"
"Connector PCB",0.40,"Taiwan"
"Contact Pins",8.00,"Global"
"Continuous Miner",485.00,"United States"
"Coolant System",45.00,"Global"
"Cooling Fan",10.00,"Japan / Taiwan"
"Cooling Fan Assembly",4.00,"Japan"
"Cooling Trough",8.00,"Global"
"Copper Catalyst",4.50,"Global"
"Copper Clad Laminate",8.00,"Global"
"Copper Concentrate",2.50,"Chile / USA / Australia"
"Copper Conductor",20.00,"France"
"Copper Conductors",35.00,"Global"
"Copper Metal",10.00,"USA / Chile / Switzerland"
"Copper Ore",0.35,"Chile"
"Copper Powder",12.00,"Germany"
"Copper Rod",8.00,"Global"
"Copper Sulfate",8.00,"Global"
"Copper Tube",6.00,"United States"
"Copper Wire Raw",35.00,"Global"
"Copper-Cobalt Ore",0.42,"Democratic Republic of Congo"
"Core Material",8.00,"Global"
"Corrosion Inhibitors",8.00,"Global"
"Corrugating Medium",1.20,"United States"
"Cotton Fabric",8.00,"Global"
"Cover Glass",35.00,"Global"
"Coverlay Film",4.00,"Global"
"Crimping Press",8.00,"Global"
"Crosshead Die",8.00,"Global"
"Crude Distillation Tower",8.00,"Global"
"Crude Oil (Petroleum)",0.60,"Saudi Arabia / USA / Netherlands"
"Crude Storage",35.00,"Global"
"Crushing Equipment",220.00,"Sweden"
"Cryogenic Distillation",125.00,"Germany"
"Cryogenic Tank",8.00,"Global"
"Crypto Engine",35.00,"Global"
"Crystal Furnace",80.00,"Global"
"Crystal Grower",35.00,"Global"
"Crystal Oscillator",35.00,"Global"
"CSS (Cascading Style Sheets)",0.00,"International"
"CUDA Libraries",0.00,"United States"
"Curing Agent",35.00,"Global"
"Cutting Equipment",120.00,"Global"
"CVD Machine (Chemical Vapor Deposition)",10.00,"USA / Japan"
"Cvd Precursors",8.00,"Global"
"Cvd System",45.00,"Global"
"Cyanobiphenyl",8.00,"Global"
"Cylindrical Grinder",8.00,"Global"
"Dac Circuits",8.00,"Global"
"Dac Core",2.50,"Taiwan"
"Data Acquisition System",6.00,"United States"
"Data Center",500.00,"USA / Global"
"Data Center Cooling System",450000.00,"France"
"Database Management Systems",50000.00,"USA"
"Database Server",100000.00,"Global"
"Database Software",10000.00,"United States"
"Datacenter Infrastructure",500000.00,"United States"
"Dc Rectifier",8.00,"Global"
"DDoS Mitigation Service",50000.00,"USA"
"DDR5 Memory",150.00,"South Korea"
"Defect Classification",8.00,"Global"
"Dehumidified Dry Room",8.00,"Sweden"
"Deionized Water System",5.00,"France"
"Desiccant Dehumidifier",8.00,"Global"
"Development Computer",25.00,"United States"
"Development Tools",250.00,"United States"
"Diamond Blade",8.00,"Global"
"Diamond Dicing Saw",1.80,"Japan"
"Diamond Die",8.00,"Global"
"Diamond Wire",8.00,"Global"
"Die Attach Adhesive",0.80,"Germany"
"Die Attach Adhesive",0.30,"Germany / USA / Japan"
"Die Attach Equipment",1.50,"Singapore"
"Die Casting Machine",45.00,"Global"
"Die Cutting Equipment",40.00,"Switzerland"
"Die Ejector",8.00,"Global"
"Diesel Fuel",0.85,"USA / Netherlands / UK"
"Diesel Fuel",1.20,"Global"
"Diffuser Film",4.00,"Global"
"Diffuser Films",35.00,"Global"
"Digester Tanks",35.00,"Global"
"Digital Books",15.00,"Various"
"Digital Display",8.00,"Global"
"Digital Multimeter",8.00,"Global"
"Dimensionally Stable Anode",35.00,"Global"
"Dimethyl Carbonate",8.00,"Global"
"Dimming Driver",35.00,"Global"
"Directional Drilling",35.00,"Global"
"Dispersing Agent",8.00,"Global"
"Display Cable (DisplayPort/HDMI)",12.00,"China / USA / Japan"
"Display Driver IC",15.00,"Taiwan"
"Display Glass Substrate",12.00,"United States"
"Display Manufacturing Technicians",2.20,"South Korea"
"Display Panel (LCD/OLED)",150.00,"South Korea / China"
"Display Photolithography Equipment",18.00,"Japan"
"Displayport Mux",8.00,"Global"
"Distillation Equipment",95.00,"Switzerland"
"DNS Server",8000.00,"United States"
"DOCSIS Chip",15.00,"United States"
"Domain Management System",15.00,"USA"
"Domain Name Registration",12.00,"Various"
"Dome Die",8.00,"Global"
"Dome Fabric",8.00,"Global"
"Double-Sided Adhesive Tape",2.00,"USA / Japan / Germany"
"Dragline Excavation",15.00,"United States"
"Dragline Mining",12.00,"Global"
"Dram Buffer",8.00,"Global"
"DRAM Memory Chip",3.50,"South Korea"
"DRAM Module",45.00,"South Korea"
"Drawing Dies",8.00,"Global"
"Drawing Lubricant",8.00,"Global"
"Drill and Blast Operations",8.50,"Sweden"
"Dry Film Resist",35.00,"Global"
"Dry Room Protocols",8.00,"Global"
"Drying Oven",8.00,"Global"
"Dsp Core",8.00,"Global"
"Dual Cartridge Packaging",1.50,"Switzerland"
"Dwight Lloyd Sinter",35.00,"Global"
"Dye Solvent",6.00,"Global"
"Ecc Engine",8.00,"Global"
"ECC Memory",120.00,"South Korea"
"EDA Software (Electronic Design Automation)",30.00,"USA"
"Electric Arc Furnace",450.00,"Global"
"Electrical Distribution System",60.00,"France"
"Electrical Engineering Degree",2.50,"Taiwan"
"Electrical Linemen",2.50,"Taiwan"
"Electrical Power Generation",0.12,"USA"
"Electrical Safety Tester",8.00,"Taiwan"
"Electrical Steel Laminations",3.20,"USA/Japan"
"Electricity",0.12,"USA / USA / France"
"Electrochemistry Training",0.00,"Global"
"Electrode Stacking",8.00,"Global"
"Electrolyte Additives",8.00,"Global"
"Electrolyte Filling",8.00,"Global"
"Electrolytic Cobalt",2.50,"Taiwan"
"Electrolytic Copper Foil",8.00,"Japan"
"Electrolytic Recovery",2.50,"Taiwan"
"Electrolytic Refining",35.00,"Global"
"Electron Beam Lithography",8.00,"Global"
"Electronic Test Gear",8.00,"Global"
"Electronic Test Instruments",15.00,"United States"
"Electronics Assembly Labor",3.00,"China"
"Electronics Assembly Labor",220.00,"China / Taiwan"
"Electronics Factory",800000.00,"China / Taiwan / South Korea"
"Electroplating Chemistry",8.00,"Global"
"Electroplating Equipment",120.00,"Global"
"Electrorefining Cell",8.00,"Global"
"Electrostatic Chuck",8.00,"Global"
"Elemental Sulfur",0.15,"Russia / Saudi Arabia / Netherlands"
"Elemental Sulfur",0.15,"Saudi Arabia"
"Emulation Hardware",35.00,"Global"
"Emulsifiers",8.00,"Global"
"Enameled Copper Motor Wire",6.00,"Japan"
"Encryption Technology",12000.00,"France"
"Engineer Compensation Package",180000.00,"USA"
"Engineering Design Services",500000.00,"USA"
"Engineering Internship Programs",25000.00,"USA"
"Engineering Workstation",35.00,"Global"
"Enriched Uranium",5000.00,"France"
"Enterprise Data Storage Systems",250000.00,"USA"
"Enterprise Router",8000.00,"United States"
"Enterprise Router Hardware",25000.00,"USA"
"Environmental Test Chamber",25.00,"Japan"
"Epichlorohydrin",8.00,"Global"
"Epoxy Hardener",8.00,"Global"
"Epoxy Molding",8.00,"Global"
"Epoxy Molding Compound",1.50,"Japan / Germany"
"Epoxy Molding Compound",0.15,"Japan"
"Epoxy Resin",0.40,"USA / Belgium / Switzerland"
"Equipment Operation",45.00,"Global"
"Esd Additives",8.00,"Global"
"Etchant Chemistry",8.00,"Global"
"Ethernet PHY Chip",4.00,"United States"
"Ethernet Switch",2500.00,"United States, China"
"Ethyl Methyl Carbonate",8.00,"Global"
"Ethylene Carbonate",8.00,"Global"
"Ethylene Gas",15.00,"Global"
"EUV Lithography Machine",15.00,"Netherlands"
"Euv Source",8.00,"Global"
"Excavation",35.00,"Global"
"Expansion Turbine",8.00,"Global"
"Exposure System",45.00,"Global"
"Extrusion Die",8.00,"Global"
"Extrusion Press",8.00,"Global"
"F-Connector",0.50,"United States"
"Fab Automation",8.00,"Global"
"Fab Technicians",8.00,"Global"
"Fab Training",0.00,"Global"
"Factory Automation Software",20.00,"Germany"
"Factory Production Workers",3.00,"China"
"Fan Controller IC",1.00,"United States"
"Fan Housing",0.60,"Taiwan"
"Fan Impeller",35.00,"Global"
"Fastener Testing",3.00,"United States"
"Fasteners",8.00,"Global"
"Fastly Cdn",35.00,"Global"
"Ferrite Core",8.00,"Global"
"Ferrite Shield",35.00,"Global"
"Ffc Adhesive",35.00,"Global"
"Ffc Connectors",35.00,"Global"
"Fiber Cable",2.00,"United States"
"Fiber Optic Cable",25.00,"USA / Italy / Japan"
"Fiber Optic Connector",8.00,"United States"
"Fiber Polishing Machine",50000.00,"Japan"
"Fiberglass Cloth",35.00,"Global"
"Film Extrusion",4.00,"Global"
"Filter Press",155.00,"Austria"
"Fingerprint Sensor",6.00,"United States"
"Fire Suppression",75000.00,"United States"
"Firewall Appliance",12000.00,"United States"
"Firewall Systems",18000.00,"United States"
"Firmware Development",8.00,"Global"
"Firmware Programmer",85000.00,"USA / Germany"
"Flame Retardant",8.00,"Global"
"Flash Memory Module",1.50,"Taiwan"
"Flash Smelter",8.00,"Global"
"Flexibilizer",8.00,"Global"
"Flexible Flat Cable",2.50,"Japan"
"Flexible Printed Circuit",8.00,"Taiwan"
"Flexographic Printing Ink",3.00,"United States"
"Flotation Cells",180.00,"Finland"
"Flotation Chemicals",8.00,"Global"
"Flotation Equipment",45.00,"Global"
"Flotation Plant",35.00,"Global"
"Fluidized Bed Roaster",450.00,"Global"
"Fluorinated Lc",8.00,"Global"
"Fluorine Gas Production",450.00,"Belgium/USA"
"Fluorspar Ore (CaF₂)",0.50,"China / Mexico / Mongolia"
"Fluosilicic Acid",2.50,"Taiwan"
"Flux Concentrator",35.00,"Global"
"Flux Vehicle",8.00,"Global"
"Flying Probe",8.00,"Global"
"Foam Molds",8500.00,"China"
"Foam Packaging",2.50,"United States"
"Foam Rubber",8.00,"Global"
"Force Control",8.00,"Global"
"Force Touch Trackpad Assembly",18.00,"Taiwan"
"Formation Equipment",45.00,"Global"
"Forming Die",8.00,"Global"
"Foundry Pdk",35.00,"Global"
"Fpc Adhesive",8.00,"Global"
"Fpc Stiffener",8.00,"Global"
"Fpga Emulation",35.00,"Global"
"Friction Hinge Mechanism",3.50,"Taiwan"
"Friction Plates",8.00,"Global"
"Fuel Source (Coal/Natural Gas)",0.30,"Various"
"Fuel Transport",8.00,"Global"
"Fused Quartz Crucible",35.00,"Global"
"Fused Quartz Tube",8.00,"Global"
"Fused Silica (SiO₂)",0.30,"Belgium / USA / USA"
"Fusion Draw",8.00,"Global"
"Galena Ore (Lead Sulfide)",0.32,"Peru"
"Galvo Scanner",8.00,"Global"
"Gas Centrifuge",250000.00,"Netherlands / France"
"Gas Extraction",15.00,"Global"
"Gas Flow Systems",15.00,"Global"
"Gas Processing Plant",250000000.00,"Germany/USA"
"Gas Purification",15.00,"Global"
"Gas Scrubber",35.00,"Global"
"Gas Sweetening",35.00,"Global"
"Gas Turbine Blades",25000.00,"USA/UK"
"Geological Survey",2.50,"Taiwan"
"Git Software",0.00,"United States"
"GitHub",0.00,"United States"
"GitHub Pages Hosting",0.00,"United States"
"GitHub Repository",0.00,"United States"
"Glass Cloth",35.00,"Global"
"Glass Fiber",8.00,"Global"
"Glass Lined Reactor",80.00,"Global"
"Gnss Rf Frontend",35.00,"Global"
"Go Language",25.00,"United States"
"Gold Bond Wire",0.20,"Japan / Germany / USA"
"Gold Electroplating",1.50,"Belgium"
"Gold Electroplating Service",2.00,"United States"
"Gold Metal",0.15,"Canada / USA / South Africa"
"Gold Mining",0.95,"Nevada, USA"
"Gold Ore",45.00,"USA / Australia / South Africa"
"Gold Plating",8.00,"Global"
"Gold Smelter",450.00,"Global"
"Gps Antenna",35.00,"Global"
"Gps Chipset",2.50,"Taiwan"
"GPS/GNSS Module",5.00,"Switzerland"
"GPU Server",150000.00,"Global"
"Grafana Dashboard",3000.00,"United States"
"Graphite Anode Material",12.00,"China"
"Graphite Components",35.00,"Global"
"Graphite Electrodes",35.00,"Global"
"Graphite Purification",8.00,"Global"
"Graphite Susceptor",8.00,"Global"
"Grinding Mill",8.00,"Global"
"Ground Tester",8.00,"Global"
"Hall Heroult Cells",8.00,"Global"
"Hall Sensor",2.50,"Taiwan"
"Haptic Driver",2.50,"Taiwan"
"Haptic Feedback Engine",8.00,"Japan"
"Hardener",35.00,"Global"
"Hardware Verification Tool",15.00,"United States"
"Hcl Reactor",35.00,"Global"
"HDMI Port Connector",1.50,"United States"
"Heap Leaching",8.50,"Global"
"Heat Energy",0.08,"Various"
"Heat Exchanger",8.00,"Global"
"Heat Pipes",4.50,"Taiwan / Japan"
"Heat Recovery",35.00,"Global"
"Heat Recovery System",120.00,"Global"
"Heat Treatment Furnace",80.00,"Global"
"Heat Treatment Process",2.00,"United Kingdom"
"Heating Coils",8.00,"Global"
"Heating Elements",8.00,"Global"
"Heating Modules",8.00,"Global"
"Heating Stage",8.00,"Global"
"Heating System",45.00,"Global"
"Hepa Filters",8.00,"Global"
"HF Transformer",3.50,"Japan"
"High Resolution Optics",8.00,"Global"
"High Shear Mixer",8.00,"Global"
"High Voltage Accelerator",8.00,"Global"
"High Voltage Ceramic Insulators",850.00,"Japan/USA"
"High Voltage Drivers",8.00,"Global"
"Hinge Grease",8.00,"Global"
"Hinge Housing",8.00,"Global"
"Homogenization Furnace",80.00,"Global"
"Hot Runner",8.00,"Global"
"HTML (HyperText Markup Language)",0.00,"International"
"HTTP Protocol Standards",0.00,"Global"
"Hugo Static Site Generator",0.00,"International"
"Humidity Sensors",8.00,"Global"
"Hv Transformer",8.00,"Global"
"HVAC Cooling",150000.00,"France"
"Hvac System",45.00,"Global"
"Hydraulic Excavator",380.00,"Japan"
"Hydraulic Mining",15.00,"Global"
"Hydraulic Press",180.00,"Germany"
"Hydraulic System",45.00,"Global"
"Hydrochloric Acid",1.00,"USA / Germany"
"Hydrofluoric Acid (HF)",2.00,"USA / Belgium / Japan"
"Hydrogen Flame",35.00,"Global"
"Hydrogen Gas (H₂)",2.00,"USA / Germany / France"
"Hydrogen Peroxide (H₂O₂)",1.00,"Belgium / Germany / France"
"Hydroprocessing Catalyst",0.00,"Global"
"Hydrotreater",8.00,"Global"
"IC Device Programmer",15.00,"United States"
"IC Package Substrate",5.00,"Japan"
"IC Programming Socket",3.00,"Japan"
"Ic Testing",8.00,"Global"
"ICANN Domain Registry",10.00,"USA"
"Igzo Sputtering",8.00,"Global"
"Image Processing",0.00,"Global"
"Industrial Compressor",8.00,"Global"
"Industrial Cooling Water System",850000.00,"USA"
"Industrial Crusher",125.00,"Finland"
"Industrial Manufacturing Facility",500.00,"United States"
"Industrial Robot",35.00,"Japan"
"Industrial Solvent",6.00,"Global"
"Industrial Steam Boiler",8000000.00,"USA"
"Industrial Water Treatment",2.00,"France"
"Industrial Worker Training",2.00,"China"
"Injection Mold Tool",50.00,"Japan"
"Injection Molded Housing",0.50,"China"
"Injection Molding",8.00,"Global"
"Injection Molding Machine",4.00,"Germany"
"Injection Unit",8.00,"Global"
"Inspection Microscope",8.00,"Japan"
"Inspection Software",8.00,"Global"
"Instructor Wages",45.00,"Global"
"Insulated Chamber",8.00,"Global"
"Insulated Copper Wire",0.15,"Japan"
"Insulation Tester",8.00,"Global"
"Internet Connection",5.00,"United States"
"Iodine Dye",8.00,"Global"
"Ion Exchange Resin",8.00,"Global"
"Ion Implanter",10.00,"USA"
"Ir Filter",35.00,"Global"
"Iron Casting",35.00,"Global"
"Iron Ore",0.12,"Brazil"
"Iron Powder",8.00,"Global"
"ITO Coated Glass",8.00,"Japan"
"Ito Coating",8.00,"Global"
"Ito Target",35.00,"Global"
"JavaScript",0.00,"Switzerland"
"Jaw Crusher",115.00,"United States"
"Jig Concentrator",35.00,"Global"
"JTAG Debug Adapter",2.00,"Germany"
"Kevlar Fiber",30.00,"United States"
"Keyboard Assembly",15.00,"China"
"Keyboard Backlight LEDs",0.50,"Japan"
"Keyboard Flex Cable",1.20,"Japan"
"Keycaps",0.30,"Taiwan"
"Kiss Cutting Die",5.00,"Germany"
"Kneader",35.00,"Global"
"Kraft Paper",1.50,"United States"
"Label Printing Labor",12.00,"China"
"Lamination Equipment",45.00,"Global"
"Landing Station",5000000.00,"Various"
"Lapping Machine",45.00,"Global"
"Large Mining Excavator",1850.00,"Japan"
"Laser Drilled Acoustic Port",0.15,"United States"
"Laser System",45.00,"Global"
"Laser Welding System",120.00,"Germany"
"Laterite Mining",15.00,"Global"
"Layout Design",35.00,"Global"
"Lead Blast Furnace",450.00,"Global"
"Lead Concentrate",1.20,"Peru / Canada / Sweden"
"Lead Metal",2.50,"Switzerland / Belgium / USA / South Korea"
"Lead Shielding",8.00,"Global"
"Leakage Tester",8.00,"Global"
"LED Backlight Assembly",18.00,"Taiwan"
"LED Backlight Components",6.00,"South Korea"
"Led Driver",35.00,"Global"
"Led Lighting",8.00,"Global"
"Led Pcb",35.00,"Global"
"Led Pcb Strip",8.00,"Global"
"Lets Encrypt",35.00,"Global"
"Lib Validation",35.00,"Global"
"libuv Async I/O Library",0.00,"Global"
"Light Guide Plate",35.00,"Global"
"Limestone (CaCO₃)",0.01,"USA / USA / Germany"
"Line Safety Equipment",120.00,"Global"
"Linear Actuator",1.50,"Japan"
"Linear Actuators",35.00,"Global"
"Linear Guides",8.00,"Global"
"Lineman Training",45.00,"Global"
"Linux Operating System",0.00,"Global"
"Lipf6 Salt",8.00,"Global"
"Liquid Cooling",5000.00,"Canada"
"Liquid Crystal Material",0.50,"Germany"
"Lithium Battery Cathode Material",25.00,"China"
"Lithium Battery Electrolyte",8.00,"China"
"Lithium Brine Extraction",0.85,"Chile"
"Lithium Carbonate (Li₂CO₃)",5.00,"Chile / USA / China"
"Lithium-Ion Battery",50.00,"China / South Korea"
"Load Balancer",80000.00,"Global"
"Load Balancer Software",25000.00,"United States"
"Logic Board (Motherboard)",120.00,"Taiwan / China"
"Longwall Mining",45.00,"Australia"
"M.2 Connector",0.50,"Taiwan"
"M3 Chip",300.00,"Taiwan"
"Mac Computer",2000.00,"United States"
"Machine Base",45.00,"Global"
"Machine Controller",45.00,"Global"
"Machine Vision System",8.00,"United States"
"macOS Software",26.00,"United States"
"Magnesium Metal",4.50,"Global"
"Magnet Wire",8.00,"Global"
"Magnetite Catalyst",4.50,"Global"
"Magnetizer",8.00,"Global"
"Magnetometer Sensor",1.00,"Japan"
"Magnetron Sources",8.00,"Global"
"MagSafe Connector",12.00,"United States"
"Manganese Sulfate",8.00,"Global"
"Manufacturing Overhead",10.00,"China"
"Manufacturing Workforce",4.00,"Taiwan"
"Marine Survey",10000000.00,"France"
"Mask Inspection",8.00,"Global"
"Mask Stage",8.00,"Global"
"Mass Flow Controllers",8.00,"Global"
"Mass Spectrometer Magnet",8.00,"Global"
"Mass Transfer",35.00,"Global"
"Material Characterization",35.00,"Global"
"Measurement Training",0.00,"Global"
"Measuring Scales",8.00,"Global"
"Membrane Cell",35.00,"Global"
"MEMS Accelerometer",1.20,"Switzerland"
"MEMS Assembly Labor",2.00,"Italy"
"MEMS Gyroscope",1.50,"Germany"
"MEMS Microphone",2.00,"USA / China"
"Mems Package",35.00,"Global"
"Mems Process",35.00,"Global"
"Mesh Conveyor",8.00,"Global"
"Mesh Grille",8.00,"Global"
"Metal Brackets",1.80,"China / Taiwan / USA"
"Metal Chassis",120.00,"China"
"Metal Electrodes",8.00,"Global"
"Metal Fasteners",0.12,"Switzerland / Japan / USA"
"Metal Gate",8.00,"Global"
"Metal Hinges",8.50,"South Korea / Taiwan"
"Metal Interconnect Layers",10.00,"Various"
"Metal Ore",4.50,"Global"
"Metal Polishing Compound",0.08,"United States"
"Metal Shell",4.50,"Global"
"Metal Stamping Press",2.50,"Germany"
"Metallurgical Coke",4.50,"Global"
"Metalworking Coolant",0.05,"United States"
"Metrology Software",8.00,"Global"
"Metrology Tools",7.00,"USA"
"Micro Drill",2.50,"Taiwan"
"Micro-Coaxial Connector",0.60,"Japan"
"Microcontroller",8.00,"Global"
"Microled Dies",2.50,"Taiwan"
"MicroLED Display",150.00,"United States"
"Microstructure Tooling",2.50,"Taiwan"
"Mim Capacitors",8.00,"Global"
"Mineral Ore",35.00,"Global"
"Mineral Processing",35.00,"Global"
"Miners",8.00,"Global"
"Mini Led Chips",2.50,"Taiwan"
"Mini-LED Backlight",35.00,"Taiwan"
"Miniature Ball Bearings",1.50,"Japan"
"Mining Excavation Machinery",2500000.00,"USA/Japan"
"Mining Explosives",0.85,"Australia"
"Mining Haul Truck",425.00,"United States"
"Mining Haul Trucks",4500000.00,"USA/Japan"
"Mining Labor",0.50,"Various"
"Mining Lease",15.00,"Global"
"Mining Operations Support",22.00,"Global"
"Mining Trucks",15.00,"Global"
"Mixed Signal Process",0.00,"Global"
"MLCC Capacitors",0.02,"Japan"
"Mo Si Mirrors",8.00,"Global"
"Moisture Trap",8.00,"Global"
"Mold Release",35.00,"Global"
"Mold Tooling",8.00,"Global"
"Molding Control",8.00,"Global"
"Molding Machine",45.00,"Global"
"Monitoring Infrastructure",60000.00,"Global"
"Monitoring Software",15000.00,"United States"
"Mosfet Switches",8.00,"Global"
"Motion Control",8.00,"Global"
"Motor Assembly",3.00,"Japan"
"Motor Driver",35.00,"Global"
"Motor Permanent Magnets",2.00,"Japan"
"Mounting Hardware",8.00,"Global"
"Multilayer PCB",25.00,"United States"
"Nafion Membrane",35.00,"Global"
"NAND Flash",25.00,"Japan"
"NAND Flash Memory",4.00,"South Korea"
"Nand Interface",8.00,"Global"
"Natural Gas",0.12,"Russia / USA / Netherlands"
"Natural Gas Compressor Station",12000000.00,"Germany/USA"
"Natural Gas Pipeline",50000000.00,"Canada/USA"
"Natural Graphite",8.00,"Global"
"Natural Uranium Ore",120.00,"Canada/Kazakhstan"
"Nbr Rubber",8.00,"Global"
"Neodymium Magnet",8.00,"Japan"
"Neodymium Magnets",35.00,"Global"
"Neodymium Oxide",8.00,"Global"
"Network ASIC",500.00,"United States"
"Network Diagnostic Tools",8000.00,"USA"
"Network Engineers",150000.00,"Global"
"Network Equipment",50000.00,"United States"
"Network Infrastructure",500000.00,"USA"
"Network Interface Card",45.00,"USA"
"Network Interface Card",450.00,"Israel"
"Network Router",15000.00,"United States, China"
"Network Switch",5000.00,"United States"
"Network Switches",12000.00,"United States"
"Network Transceiver",150.00,"United States"
"Networking Equipment",120000.00,"Global"
"Networking Lab Setup",12000.00,"USA"
"Nfc Coil",35.00,"Global"
"NFC Controller Chip",3.00,"Netherlands"
"Nginx Servers",150.00,"Global"
"Nickel Catalyst",4.50,"Global"
"Nickel Metal",18.00,"Brazil / Russia / Switzerland"
"Nickel Paste",8.00,"Global"
"Nickel Sulfate",8.00,"Global"
"Nitric Acid (HNO₃)",1.50,"Norway / USA / Australia"
"Nitrogen Gas (N₂)",0.15,"USA / Germany / France"
"Nitrogen Generator",8.00,"Global"
"Node.js Runtime",0.00,"USA"
"Node.js Runtime",0.00,"United States"
"Novolac Resin",8.00,"Global"
"npm Dependencies",0.00,"United States"
"NPM Package Registry",0.00,"USA"
"NVIDIA GPU",25000.00,"United States"
"NVIDIA GPUs",30000.00,"United States"
"NVMe Storage",600.00,"South Korea"
"Nylon Braiding",0.30,"China"
"Nylon Film",4.00,"Global"
"Occupational Health",8.00,"Global"
"Office Building",8.00,"Global"
"Offshore Oil Platform",800000000.00,"USA/France"
"Oil and Gas Drilling Operations",15000000.00,"USA/France"
"Oil Gas Separator",35.00,"Global"
"OLED Organic Materials",50.00,"United States"
"Online Education Platforms",2000.00,"USA"
"Online Learning Resources",0.00,"USA"
"Open Pit Mining Operations",12.00,"Global"
"Open Source Contributors",45.00,"Global"
"Open Source Software",0.00,"Various"
"Open Source Software Communities",0.00,"USA"
"OpenSSL Library",0.00,"Global"
"Operating System Software",0.00,"Global"
"Optical Coatings",2.50,"Taiwan"
"Optical Ellipsometry",8.00,"Global"
"Optical Enhancement Films",15.00,"United States"
"Optical Fiber",0.10,"United States"
"Optical Fiber Furnace",2000000.00,"Finland"
"Optical Testing Training",8.00,"Global"
"Optical Transceiver Module",350.00,"USA"
"Ore Crusher",8.00,"Global"
"Ore Processing",35.00,"Global"
"Ore Washing and Processing Plant",5000000.00,"USA/Ireland"
"Organic Feedstock",8.00,"Global"
"Organic Package Substrate",2.00,"Japan / Taiwan / Austria"
"Organic Pigments",8.00,"Global"
"Organic Solvent",2.50,"Taiwan"
"Organic Synthesis",2.50,"Taiwan"
"Oscillator Ic",8.00,"Global"
"Oscilloscope",8.00,"Global"
"OTDR Tester",15000.00,"Canada"
"Overcoat Layer",8.00,"Global"
"Overhead Transport",8.00,"Global"
"Oxidation Furnace",8.00,"Japan"
"Oxygen Delivery",8.00,"Global"
"Oxygen Gas (O₂)",0.30,"USA / Germany / France"
"Oxygen Removal Catalyst",4.50,"Global"
"Pac Chemical",8.00,"Global"
"Packaging Materials",15.00,"UK / USA / Ireland"
"Packaging Tape",4.00,"Global"
"Packed Column",35.00,"Global"
"Packed Tower",35.00,"Global"
"Palladium Metal",4.50,"Global"
"Paper Pulp",800.00,"United States"
"Particle Counter",8.00,"Global"
"Pass Box",8.00,"Global"
"Passivation Process",2.00,"United States"
"Patch Panel",250.00,"United States"
"Payment Gateway Service",0.03,"USA"
"Pcb Antenna",35.00,"Global"
"PCB Assembly",50.00,"United States"
"PCB Board",35.00,"United States"
"PCB Board Connectors",0.50,"United States"
"PCB Board Tester",8.00,"United States"
"Pcb Conveyors",8.00,"Global"
"Pcb Drilling",8.00,"Global"
"PCB FR-4 Substrate",4.00,"United States"
"Pcb Mounting",35.00,"Global"
"Pcie Interface",8.00,"Global"
"Pcl3 Chemical",8.00,"Global"
"PD Controller",2.80,"United States"
"Pentlandite Ore (Nickel Sulfide)",0.55,"Russia"
"Perlite Insulation",8.00,"Global"
"Pet Film",35.00,"Global"
"Pet Resin",8.00,"Global"
"Pgmea Solvent",6.00,"Global"
"Ph Adjusters",8.00,"Global"
"Ph3 Gas",15.00,"Global"
"Phase Transfer Catalyst",8.00,"Global"
"PhD Programs",250000.00,"United States"
"Phenolic Resin",8.00,"Global"
"Phosphate Rock",0.40,"Morocco / USA / Canada"
"Phosphate Rock",0.10,"Morocco / USA / Russia"
"Phosphor Bronze Alloy",6.00,"United States"
"Phosphoric Acid (H₃PO₄)",1.50,"USA / Morocco / Russia"
"Phosphorus Dopant",1.00,"USA"
"Photodiode",35.00,"Global"
"Photolithography Equipment",45.00,"Global"
"Photomask Blank",35.00,"Global"
"Photomask Set",8.00,"Global"
"Photomask Set",80.00,"USA / Japan"
"Photoresist Chemicals",8.00,"Japan / USA"
"Photoresist Developer",0.05,"Japan"
"Pick Place Head",8.00,"Global"
"Pick Place Machine",45.00,"Global"
"Pigment",35.00,"Global"
"Pipeline Network",150.00,"Global"
"Placer Deposits",15.00,"Global"
"Planetary Mixer",25.00,"United States"
"Plasma Etching Machine",12.00,"USA / Japan"
"Plasma Ion Source",8.00,"Global"
"Plastic Fan Impeller",0.50,"Taiwan"
"Plastic Packaging",0.15,"United States"
"Plastic Speaker Frame",0.60,"China"
"Plastic Tanks",2.50,"Taiwan"
"Plate Fin Exchanger",8.00,"Global"
"Plating Chemistry",35.00,"Global"
"Platinum Catalyst",4.50,"Global"
"Pogo Pins",35.00,"Global"
"Polarizer Film",8.00,"Japan"
"Polishing Additives",8.00,"Global"
"Polishing Head",8.00,"Global"
"Polishing Slurry",2.00,"USA / Japan"
"Polishing Wheels",8.00,"Global"
"Polycarbonate",8.00,"Global"
"Polycarbonate Resin",8.00,"Global"
"Polyester PET Film",3.00,"Japan"
"Polyethylene",1.20,"United States"
"Polyimide Film",4.00,"Global"
"Polymer Additives",8.00,"Global"
"Polymer Capacitors",8.00,"Global"
"Polymer Resin",35.00,"Global"
"Polymerization Catalyst",8.00,"Global"
"Polymerization Initiator",8.00,"Global"
"Polypropylene",1.30,"Netherlands"
"Polypropylene Resin",8.00,"Global"
"Polypropylene Tank",8.00,"Global"
"Polyurethane Chemical System",5.00,"Germany"
"Polyurethane Pads",8.00,"Global"
"Power Inductors",8.00,"Global"
"Power Management IC",3.00,"United States"
"Power Management IC",4.50,"United Kingdom"
"Power Mosfets",8.00,"Global"
"Power Plant",0.80,"Various"
"Power Transformer",5000000.00,"Switzerland"
"Power Transistors",8.00,"Global"
"Pp Film",4.00,"Global"
"Ppe Equipment",45.00,"Global"
"Precision Assembly Technicians",2.00,"China"
"Precision Machining Services",15000.00,"Japan/Germany"
"Precision Measurement Tools",3.00,"Japan"
"Precision Mold",8.00,"Global"
"Precision Pump",8.00,"Global"
"Precision Spindle",8.00,"Global"
"Precision Stage",8.00,"Global"
"Prepreg",8.00,"Global"
"Press Brake",8.00,"Global"
"Press Control",8.00,"Global"
"Press Frame",8.00,"Global"
"Pressure Acid Leach",35.00,"Global"
"Pressure Swing Adsorption",35.00,"Global"
"Printed Circuit Board",8.00,"Taiwan"
"Printed Manual",0.50,"United States"
"Printing Ink",12.00,"United States"
"Process Engineers",0.00,"Global"
"Process Steam",0.00,"Global"
"Process Utilities",0.00,"Global"
"Process Water",0.00,"Global"
"Product Labels",8.00,"Global"
"Product Labels and Stickers",0.10,"USA / Finland / Canada"
"Production Line Equipment",50.00,"United States"
"Production Test Jig",4.00,"United States"
"Professional Network Certifications",15000.00,"USA"
"Programmable Power Supply",5.00,"United States"
"Programming Language Design",0.00,"Global"
"Programming Language Ecosystem",0.00,"Global"
"Programming Software Suite",5.00,"United States"
"Propylene Gas",35.00,"Global"
"Protective Coating",8.00,"Global"
"Protective Film",4.00,"Global"
"Protective Layers",8.00,"Global"
"Protective Pellicle",8.00,"Global"
"Proximity Sensor",8.00,"Global"
"PSU Module",200.00,"Taiwan"
"PSU Unit",80.00,"Taiwan"
"PTFE Polymer",8.00,"United States"
"Purified Silicon",15.00,"Germany / United States"
"Pva Film",4.00,"Global"
"Pvc Additives",8.00,"Global"
"Pvc Piping",8.00,"Global"
"PVC Polymer",0.90,"Taiwan"
"Pvd Coating",8.00,"Global"
"Pwm Controller",8.00,"Global"
"Pyrometallurgical Refining",35.00,"Global"
"Python Language",0.00,"United States"
"PyTorch Framework",0.00,"United States"
"Qa Infrastructure",150.00,"Global"
"Qd Encapsulation",35.00,"Global"
"Qd Synthesis",35.00,"Global"
"Quality Equipment",45.00,"Global"
"Quality Inspection Service",4.00,"United States"
"Quality Inspection Staff",2.50,"China"
"Quantum Dot Enhancement Film",20.00,"United States"
"Quartz Boat",8.00,"Global"
"Quartz Chamber",8.00,"Global"
"Quartz Crucible",8.00,"Global"
"Quartz Crystal Blank",8.00,"Global"
"Quartz Crystal Oscillator",0.30,"Japan"
"Quartz Mining",15.00,"Global"
"Quartzite Sand",1.00,"Various"
"Quenching Medium",8.00,"Global"
"Rack Servers",8500.00,"United States"
"RAID Controller",600.00,"United States"
"Raised Flooring",8.00,"Global"
"Rare Earth Elements",20.00,"China / Australia / USA"
"Raw Materials (Generic)",0.25,"Global"
"Reactor Vessel",35.00,"Global"
"Real-Time Clock Module",0.50,"United States"
"Reduction Furnace",450.00,"Global"
"Reflector Sheet",8.00,"Global"
"Reflector Sheets",35.00,"Global"
"Reflow Oven",2.50,"United States"
"Reflow Soldering Oven",60.00,"United States"
"Reformer Furnace",450.00,"Global"
"Refractory Lining",35.00,"Global"
"Refrigeration",35.00,"Global"
"Release Agent",8.00,"Global"
"Research Development",25.00,"United States"
"Resin Treatment",8.00,"Global"
"Resistive Film",4.00,"Global"
"Resistive Heaters",8.00,"Global"
"Reverberatory Furnace",450.00,"Global"
"RF Cable",15.00,"United States"
"RF Circuit Board",2.00,"United States"
"Rf Frontend",35.00,"Global"
"Rf Generator",8.00,"Global"
"RF Passive Components",0.80,"Japan"
"RF Shield Can",0.20,"United States"
"RF Testing Equipment",50.00,"United States"
"RF Tuner",5.00,"United States"
"RGB Color Filter Array",25.00,"Japan"
"Rheology Modifiers",8.00,"Global"
"Ro Membrane",8.00,"Global"
"Robotic Arm",8.00,"Global"
"Rolled Copper",8.00,"Global"
"Rolling Mill",8.00,"Global"
"Rolling Oil",8.00,"Global"
"Room and Pillar Mining",18.00,"Global"
"Rotary Die",4500.00,"United States"
"Rotary Dryer",35.00,"Global"
"Rotary Kiln",450.00,"Global"
"Rotating Platen",8.00,"Global"
"Router Operating System",15000.00,"USA"
"Router Software",5000.00,"United States"
"Rtc Ic",2.50,"Taiwan"
"Rubber Feet",0.35,"USA / Japan / Taiwan"
"Rubber Toughening Modifier",8.00,"Japan"
"Ruby on Rails",0.00,"United States"
"Ruby Programming Language",0.00,"Japan"
"Rutile Ore (Titanium Dioxide)",0.95,"Australia"
"Safety Certification",8.00,"Global"
"Safety Equipment",45.00,"Global"
"Safety Training",0.00,"Global"
"Salt (Sodium Chloride)",0.05,"USA / Germany / USA"
"Salt Ponds",35.00,"Global"
"Sand Filter",8.00,"Global"
"Sand Washing",35.00,"Global"
"Sapphire Cover",35.00,"Global"
"Scanning Electron Microscope",8.00,"Global"
"Scheelite Ore",8.00,"Global"
"Screening Equipment",75.00,"Germany"
"Secure Element",35.00,"Global"
"Secure Enclave Processor",5.00,"United States"
"Secure Rom",35.00,"Global"
"Security Infrastructure",0.00,"United States"
"Security Monitoring Tools",25000.00,"United States"
"Security Software",20000.00,"United States"
"Semiconductor Fab Equipment",500.00,"United States"
"Semiconductor Labor (Fab Workers)",40.00,"Taiwan / South Korea / USA"
"Sensor Asic",2.50,"Taiwan"
"Sensor Package",2.50,"Taiwan"
"Separation Plant",35.00,"Global"
"Serdes Circuits",8.00,"Global"
"Server Chassis",400.00,"Taiwan"
"Server Computer",5000.00,"United States"
"Server CPU",2500.00,"United States"
"Server Hardware",500.00,"United States"
"Server Motherboard",800.00,"United States"
"Server Power Supply Unit",180.00,"Taiwan"
"Server PSU",350.00,"Taiwan"
"Server Rack",2500.00,"Germany"
"Server Rack Infrastructure",2500.00,"USA"
"SFP Transceiver",60.00,"United States"
"Shaking Table",35.00,"Global"
"Siemens Reactor",35.00,"Global"
"Signal Generator",8.00,"Global"
"Signal Integrity Tester",25.00,"United States"
"Silica Filler",5.00,"Germany"
"Silica Glass Preform",5000.00,"United States"
"Silica Sand",8.00,"Global"
"Silica Sand (SiO₂)",0.04,"USA / Belgium / Germany"
"Silicon Metal",2.50,"Norway"
"Silicon Seed",2.50,"Taiwan"
"Silicon Seed Crystal",8.00,"Global"
"Silicon Wafer",50.00,"Japan"
"Silicone Elastomer",6.00,"United States"
"Silicone Oil",4.00,"Japan"
"Silicone Release Liner",1.00,"United States"
"Silicone-Coated Paper",1.50,"South Africa"
"Silver Flake",35.00,"Global"
"Silver Metal",700.00,"Mexico / Poland / Canada / USA"
"Silver Nitrate",850.00,"USA / Germany / China"
"Silver Powder",25.00,"United States"
"Single Crystal Silicon Ingot",30.00,"Japan / Taiwan"
"Sintering Furnace",80.00,"Global"
"Sintering Process",0.00,"Global"
"Site Work",30000.00,"United States"
"Skilled Labor",45.00,"Global"
"Slot-Die Coating Equipment",5.00,"Japan"
"Slurry Chemicals",8.00,"Global"
"Slurry Filtration",8.00,"Global"
"Slurry System",45.00,"Global"
"SMD Inductors",0.08,"Japan"
"SMD Resistors",0.01,"Taiwan"
"SMT Assembly Line",15.00,"China"
"SMT Assembly Service",5.00,"United States"
"SMT Component Placement",3.00,"Canada"
"SMT Placement Equipment",200.00,"Singapore"
"Soda Ash",8.00,"Global"
"Sodium Carbonate",35.00,"Global"
"Software Developers",120000.00,"Global"
"Software Development Projects",0.00,"Global"
"Software Development Tools",5000.00,"USA/Czech Republic"
"Software Engineer Education",0.00,"Global"
"Software Engineering",25.00,"United States"
"Software Licensing",3.00,"United States"
"Solar Evaporation",35.00,"Global"
"Solder Flux",35.00,"Global"
"Solder Mask",8.00,"Global"
"Solder Paste",0.08,"Japan"
"Solder Paste Printer",8.00,"Global"
"Solvent Purification",8.00,"Global"
"Solvent Reclamation System",30.00,"Switzerland"
"Spark Tester",8.00,"Global"
"Speaker Assembly Adhesive",0.04,"Germany"
"Speaker Assembly Technicians",0.80,"China"
"Speaker Dust Cap",0.25,"United States"
"Speaker Housing Enclosure",2.50,"China"
"Speaker Paper Cone",0.50,"Japan"
"Speaker Rubber Surround",0.40,"United States"
"Speaker Solder Terminals",0.08,"United States"
"Speaker Spider Damper",0.35,"United States"
"Speaker Voice Coil",1.50,"Japan"
"Speakers (Laptop Audio)",15.00,"China / USA"
"Specialty Steel Alloys",2500.00,"Luxembourg/USA"
"Spectrometer",35.00,"Global"
"Sphalerite Mining",15.00,"Global"
"Spheroidization",8.00,"Global"
"Spider Die",8.00,"Global"
"Spindle Motors",8.00,"Global"
"Spindle System",45.00,"Global"
"Spot Welder",8.00,"Global"
"Spray Dryer",35.00,"Global"
"Spring System",120.00,"Global"
"Sputter Coating System",15.00,"United States"
"Sputtering Targets",8.00,"Global"
"SSD Controller Chip",12.00,"South Korea"
"SSD Controller IC",6.00,"South Korea"
"SSD Firmware",5.00,"South Korea"
"SSD Storage Drive",89.00,"South Korea/USA"
"SSD Storage Drive",80.00,"South Korea / USA"
"SSD Test System",60.00,"Japan"
"SSL Certificate",300.00,"United States"
"SSL/TLS Cryptographic Libraries",0.00,"USA"
"Stainless Steel Battery Can",0.80,"Japan"
"Stainless Steel Body",8.00,"Global"
"Stainless Steel Chamber",8.00,"Global"
"Stainless Steel Coil",8.00,"Global"
"Stainless Steel EMI Shield",0.25,"United States"
"Stainless Steel Precision Strip",5.00,"United States"
"Stainless Steel Sheet",4.50,"France"
"Stainless Steel Wire",5.00,"Sweden"
"Stamping Die",8.00,"Global"
"Standard Cell Libraries",5.00,"UK / USA / Taiwan"
"Standards Calibration",8.00,"Global"
"Starch-Based Adhesive",0.80,"United States"
"Starter Rods",35.00,"Global"
"Steam Turbine",50000000.00,"United States"
"Steam Turbine Generator",45000000.00,"USA/Germany"
"Steel Die",35.00,"Global"
"Steel EMI Shield Can",0.30,"United States"
"Steel Frame",8.00,"Global"
"Steel Raw",35.00,"Global"
"Steel Shaft",8.00,"Global"
"Steel Sheet",8.00,"Global"
"Steel Tower",150000.00,"United States"
"Steel Vessel",35.00,"Global"
"Steel Wire",5.00,"Belgium"
"Storage Array",50000.00,"United States"
"Strain Gauge Sensor",1.00,"United States"
"Strain Gauges",35.00,"Global"
"Strip Mining (Surface Coal)",8.50,"United States"
"Stripping Blades",8.00,"Global"
"Structural Epoxy Adhesive",5.00,"Germany / USA"
"Structural Steel Fabrication",4500.00,"USA"
"Styrene Monomer",8.00,"Global"
"Sublimation Purification",2.50,"Taiwan"
"Submarine Cable",350000000.00,"United States, France, Japan"
"Submarine Repeater",500000.00,"United States"
"Submersible Pump",35.00,"Global"
"Substrate Handling",4.00,"Global"
"Sulfur Polishing",35.00,"Global"
"Sulfuric Acid",0.30,"USA / Canada"
"Sulfuric Acid Plant",8.00,"Global"
"Surface Finishing",8.00,"Global"
"Surface Profiler",8.00,"Global"
"Surfactant",35.00,"Global"
"Surfactants",8.00,"Global"
"Suspended Ceiling",8.00,"Global"
"Suspension Stabilizer",8.00,"Global"
"Switch Chassis",800.00,"United States"
"Switch Software",3000.00,"United States"
"Switching ASIC",200.00,"United States"
"Sx Cobalt",35.00,"Global"
"Synthetic Fibers",8.00,"Global"
"Synthetic Graphite",8.00,"Global"
"Synthetic Quartz",8.00,"Global"
"Synthetic Rubber Production",3.50,"Japan"
"Tac Film",4.00,"Global"
"Tap Water",8.00,"Global"
"Tape Coating Line",150.00,"Italy"
"Tape Converting Labor",2.00,"United States"
"Tdr Module",8.00,"Global"
"Technical Conferences and Events",5000.00,"Global"
"Technical Documentation",5000.00,"Global"
"Technical Standards Organizations",0.00,"Global"
"Technical Training Programs",8000.00,"USA"
"Teflon Coating",35.00,"Global"
"Temperature Control",8.00,"Global"
"Temperature Controller",8.00,"Global"
"Temperature Controllers",8.00,"Global"
"Termination Electrodes",8.00,"Global"
"Termination Paste",8.00,"Global"
"Test Automation Software",10.00,"United States"
"Test Fixture",5.00,"United States"
"Test Fixtures",8.00,"Global"
"Test Handlers",8.00,"Global"
"Test Software",8.00,"Global"
"Testing Equipment",10.00,"USA / Japan"
"Text Datasets",0.00,"United States"
"Text Editor Software",0.00,"Global"
"TFT Backplane",45.00,"South Korea"
"Tft Lithography",8.00,"Global"
"Thermal Annealer",2.50,"United States"
"Thermal Interface Paste",0.05,"Japan"
"Thermal Test Equipment",35.00,"United States"
"Thermoforming",8.00,"Global"
"Thermoplastic Component Molding",1.80,"United States"
"Thermoplastic Elastomer",4.50,"United States"
"Thermoplastic Polyurethane",5.50,"Germany"
"Thermoplastic Resin",3.00,"Saudi Arabia"
"Thickness Gauge",8.00,"Global"
"Thickness Measurement",8.00,"Global"
"Thin Film Resistors",4.00,"Global"
"This Website",0.00,"United States"
"Thread Rolling Machine",85.00,"United States"
"Thunderbolt Controller Chip",8.00,"United States"
"Time Series Database",8000.00,"United States"
"Tin Metal",25.00,"China / Malaysia / Indonesia"
"Tin Plating",8.00,"Global"
"Tin Powder",8.00,"Global"
"Titanium Drum",8.00,"Global"
"Titanium Getter",35.00,"Global"
"Titanium Metal",25000.00,"Russia"
"Tmah Base",8.00,"Global"
"Toluene Solvent",6.00,"Global"
"Tool Changer",8.00,"Global"
"Tool Grinding",8.00,"Global"
"Touch Controller IC",5.00,"United States"
"Touch Controller IC",2.50,"United States"
"Trackpad (Force Touch)",25.00,"USA / Taiwan"
"Trackpad Glass",35.00,"Global"
"Training Cluster",0.00,"United States"
"Training Equipment",120.00,"Global"
"Training Materials",45.00,"Global"
"Transformer Insulating Oil",2.50,"Netherlands/USA"
"Translation Services",0.25,"Various"
"Transmission Line Construction",2500000.00,"USA"
"Transmission Lines",0.30,"Various"
"Transmission Tower Structures",45000.00,"India/USA"
"True Rng",35.00,"Global"
"Tube Furnace",80.00,"Global"
"Tungsten Carbide Powder",8.00,"Global"
"Tungsten Mass",35.00,"Global"
"Tungsten Metal",2.00,"China / Germany"
"Tungsten Reduction",8.00,"Global"
"Turbomolecular Pump",8.00,"Global"
"Twin Screw Extruder",35.00,"Global"
"Two-Part Dispensing System",12.00,"United States"
"Type Theory and Type Systems",0.00,"Global"
"TypeScript Language",0.00,"United States"
"U.FL RF Connector",0.40,"Japan"
"Uf Membrane",8.00,"Global"
"Uhmwpe Resin",8.00,"Global"
"Ultra High Vacuum",8.00,"Global"
"Ultra-Pure Water (UPW)",5.00,"Various"
"Ultrapure Water",8.00,"Global"
"Ultrasonic Transducer",8.00,"Global"
"Ultrasonic Welding",8.00,"Global"
"Underground Mining Operations",28.00,"Global"
"University Degree Programs",80000.00,"Global"
"University Education",50000.00,"United States"
"UPS Systems",85000.00,"United States"
"Uranium Ore",0.08,"Kazakhstan"
"USB Compliance Testing",15000.00,"United States"
"USB PD Controller",1.50,"United States"
"USB-C Cable",15.00,"China / Taiwan / USA"
"USB-C Connector",0.85,"Taiwan"
"USB-C Port Connector",2.50,"Japan"
"USB-C Ports",8.00,"Japan / USA"
"USB-C Power Adapter",25.00,"Singapore"
"Utility Workers",0.10,"Various"
"UV Curable Acrylate",45.00,"Netherlands"
"UV Curable Ink",25.00,"Germany"
"Uv Lamp",8.00,"Global"
"Uv Light Source",8.00,"Global"
"V8 JavaScript Engine",0.00,"USA"
"Vacuum Chamber",8.00,"Global"
"Vacuum Chuck",8.00,"Global"
"Vacuum Drying Oven",3.50,"United States"
"Vacuum Evaporator",35.00,"Global"
"Vacuum Laminator",35.00,"Global"
"Vacuum Package",35.00,"Global"
"Vacuum Pan",35.00,"Global"
"Vacuum Pump",15.00,"United Kingdom"
"Vacuum Pumps",8.00,"Global"
"Vacuum Robot",8.00,"Global"
"Vacuum System",120.00,"Global"
"Vanadium Catalyst",8.00,"Global"
"Vapor Barrier",8.00,"Global"
"Vector Network Analyzer",45.00,"United States"
"Verification Algorithms",2.50,"Taiwan"
"Verification Software and Simulation Tools",15.00,"USA"
"Vibrating Screen",95.00,"United States"
"Vibrating Screens",35.00,"Global"
"Vibratory Feeder",8.00,"Global"
"Vinyl Chloride",8.00,"Global"
"Vinyl Film",3.50,"United States"
"Vision Alignment",8.00,"Global"
"Vision Inspection",45000.00,"United States"
"Vna",8.00,"Global"
"Vocational Training",0.00,"Global"
"Voice Coil Motor Actuator",1.20,"Japan"
"Voltage Regulator Module",4.00,"Germany"
"Vulcanizing Agent",8.00,"Global"
"Wafer Carriers",8.00,"Global"
"Wafer Cassettes",8.00,"Global"
"Wafer Etchant",8.00,"Global"
"Wafer Inspection System",6.00,"USA / Japan"
"Wafer Probe Card",8.00,"Global"
"Wafer Transfer Robots",8.00,"Global"
"Wafer Workers",0.00,"Global"
"Washing Equipment",120.00,"Global"
"Water Pump",8.00,"Global"
"Water Source (Industrial)",0.00,"Global"
"Water Supply",8.00,"Global"
"Web Browser Software",0.00,"USA"
"Web Content",0.00,"United States"
"Web Handling",8.00,"Global"
"Web Server Software",0.00,"Global"
"Welding Equipment",45.00,"Global"
"Wellhead Equipment",120.00,"Global"
"Wheel Loader",195.00,"Sweden"
"White Led Chips",8.00,"Global"
"White Leds",35.00,"Global"
"WHOIS Database Service",5.00,"Global"
"Wi-Fi/Bluetooth Card",15.00,"USA"
"Wifi Chipset",2.50,"Taiwan"
"WiFi Module Assembly",12.00,"Japan"
"Winding Machine",45.00,"Global"
"Wire Bonder",2.00,"Singapore"
"Wire Cutter",8.00,"Global"
"Wire Extruder",8.00,"Global"
"Wire Insulation",8.00,"Global"
"Wire Insulation Extrusion Line",6.00,"Switzerland"
"Wireless Charging Module",8.00,"United States"
"Wireless Power Ic",2.50,"Taiwan"
"Wireless System-on-Chip",6.00,"United States"
"Wood Chips",8.00,"Global"
"Wood Pulp",8.00,"Global"
"X-Ray Inspection System",4.50,"United Kingdom"
"Xcode Development Tools",0.00,"United States"
"Xray Detector",8.00,"Global"
"Xray Software",8.00,"Global"
"Xray Tool",8.00,"Global"
"Xray Tube",8.00,"Global"
"Xy Stage",8.00,"Global"
"Xyz Stage",8.00,"Global"
"Zeolite Adsorbent",8.00,"Global"
"Ziegler Natta Catalyst",8.00,"Global"
"Zinc Alloy Die Casting",0.80,"United States"
"Zinc Electrowinning",35.00,"Global"
"Zinc Ingot",12.00,"Global"
"Zinc Metal",3.20,"Belgium / Switzerland / Canada"
"Zinc Ore",0.28,"Australia"
